17716552148	CodeQL Analyze	ops/fix-ci-green-20250914215906	in_progress		https://github.com/CoderDeltaLAN/ci-matrix-starter/actions/runs/17716552148
17716552147	.github/workflows/build.yml	ops/fix-ci-green-20250914215906	completed	failure	https://github.com/CoderDeltaLAN/ci-matrix-starter/actions/runs/17716552147
17716551869	.github/workflows/py-ci.yml	ops/fix-ci-green-20250914215906	completed	failure	https://github.com/CoderDeltaLAN/ci-matrix-starter/actions/runs/17716551869
17716551837	.github/workflows/ts-ci.yml	ops/fix-ci-green-20250914215906	completed	failure	https://github.com/CoderDeltaLAN/ci-matrix-starter/actions/runs/17716551837
17716526836	.github/workflows/py-ci.yml	ops/verify-20250914215533	completed	failure	https://github.com/CoderDeltaLAN/ci-matrix-starter/actions/runs/17716526836
17716526799	.github/workflows/ts-ci.yml	ops/verify-20250914215533	completed	failure	https://github.com/CoderDeltaLAN/ci-matrix-starter/actions/runs/17716526799
17716493900	.github/workflows/build.yml	main	completed	failure	https://github.com/CoderDeltaLAN/ci-matrix-starter/actions/runs/17716493900
17716493898	CI / build	main	completed	success	https://github.com/CoderDeltaLAN/ci-matrix-starter/actions/runs/17716493898
17716493896	CodeQL Analyze	main	completed	success	https://github.com/CoderDeltaLAN/ci-matrix-starter/actions/runs/17716493896
17716493533	.github/workflows/py-ci.yml	main	completed	failure	https://github.com/CoderDeltaLAN/ci-matrix-starter/actions/runs/17716493533
17716493486	.github/workflows/ts-ci.yml	main	completed	failure	https://github.com/CoderDeltaLAN/ci-matrix-starter/actions/runs/17716493486
